Gaston;Jean;CDD;Danse;"Acrogym Club local B5";06593300;Kaaguyu@gmail.com;lJGaston;28619508f0666007a5cbca68753d33dc;Salarié
Gaston;Jean;CDD;Danse;"Acrogym Club local B5";06593300;Kaaguyu@gmail.com;lJGaston29;255f9e1b00ccfbc302fd59bc69eac8d2;Salarié
Gaston;Jean;CDD;Danse;"Acrogym Club local B5";06593300;Kaaguyu@gmail.com;lJGaston83;e93b94f10c92df9e41d1a6a34fccf49d;Salarié
Gaston;Jean;CDD;Danse;"Acrogym Club local B5";06593300;Kaaguyu@gmail.com;lJGaston59;0bff2c76f836f12378d8d8ee2366575e;Salarié
Gaston;Jean;CDD;Danse;"Acrogym Club local B5";06593300;Kaaguyu@gmail.com;lJGaston77;58e72e78a07d97f30fe1658c925af75b;Salarié
Gaston;Jean;CDD;Danse;"Acrogym Club local B5";06593300;Kaaguyu@gmail.com;lJGaston54;08a8c0a36597a3ade1543a360542c9ca;Salarié
Gaston;Jean;CDD;Danse;"Acrogym Club local B5";06593300;Kaaguyu@gmail.com;lJGaston47;7e343f198fb332dd409a18189781d4db;Salarié
Gaston;Jean;CDD;Danse;"Acrogym Club local B5";06593300;Kaaguyu@gmail.com;lJGaston5454;8998fe9fdb1205c19b8d92db01b4e077;Salarié
Gaston;Jean;CDD;Danse;"Acrogym Club local B5";06593300;Kaaguyu@gmail.com;lJGaston21;74998871dff3aefdb78d2e776766cc9f;Salarié
kaaguyu;Jean;CDD;Danse;"Acrogym Club local B5";06593300;Kaaguyu@gmail.com;lJkaaguyu;d571d945546a656e99cd422f348c1cbe;Salariékaaguyu;Jean;CDD;Danse;"Acrogym Club local B5";06593300;Kaaguyu@gmail.com;lJkaaguyu78;31f15ccca06490624971fa777264e37c;Salarié
kaaguyu;Jean;CDD;Danse;"Acrogym Club local B5";06593300;Kaaguyu@gmail.com;lJkaaguyu64;e98e36b58d5ce48146bebb7c5bafe63f;Salarié
kaaguyu;Jean;CDD;Danse;"Acrogym Club local B5";06593300;Kaaguyu@gmail.com;lJkaaguyu24;f8dc470714bfd092e097663deaca2daf;Salarié
kaaguyu;Jean;CDD;Danse;"Acrogym Club local B5";06593300;Kaaguyu@gmail.com;lJkaaguyu86;f7c5b61ac423dbd7f99826e155557e1e;Salarié
kaaguyu;Jean;CDD;Danse;"Acrogym Club local B5";06593300;Kaaguyu@gmail.com;lJkaaguyu12;517818c2b8c01f99d98b9f9a964ed3d3;Salarié
kaaguyu;Jean;CDD;Danse;"Acrogym Club local B5";06593300;Kaaguyu@gmail.com;lJkaaguyu83;4d0a6e3d0762c3f48dbe9a78cad40647;Salarié
kaaguyu;Jean;CDD;Danse;"Acrogym Club local B5";06593300;Kaaguyu@gmail.com;lJkaaguyu56;99d568be93ec397925dfaa33472c663b;Salarié
kaaguyu;Jean;CDD;Danse;"Acrogym Club local B5";06593300;Kaaguyu@gmail.com;lJkaaguyu5;817aa2de7f24af8808faa600cddfdffe;Salarié
Dupont;Laurent;CDI;Danse;"2 allée du toto";"06 66 66 66 66";test@totomail.fr;lLDupont;b920aebe3cab94de97fef660715abf30;Salarié
